text,label
"Researchers at a national university published peer-reviewed climate measurements showing a steady rise in average surface temperatures.",REAL
"City officials announced a verified road repair schedule after the budget was approved during a public meeting.",REAL
"Doctors at the regional hospital confirmed that the new emergency ward opened after passing its safety inspection.",REAL
"The election commission released polling station results with observer signatures and archived ballot counts.",REAL
"A public school district said it will add computer science classes after receiving a state education grant.",REAL
"The central bank kept interest rates unchanged and posted the full policy statement on its website.",REAL
"A technology company reported quarterly revenue growth in a filing reviewed by independent auditors.",REAL
"Local police said the missing child alert was resolved after the family confirmed the child returned home safely.",REAL
"A health agency published updated flu guidance based on laboratory surveillance from multiple regions.",REAL
"The transport department confirmed that the airport rail link will run extra trains during the holiday week.",REAL
"Scientists released telescope images from a documented observation campaign with matching raw data.",REAL
"A court record shows the judge scheduled the hearing for next month after both legal teams filed motions.",REAL
"The weather office issued a storm warning using satellite data and regional radar measurements.",REAL
"A museum announced a new exhibit curated from cataloged artifacts loaned by three universities.",REAL
"The agriculture ministry reported crop estimates after field surveys in all districts.",REAL
"A research journal corrected a table in a published paper and linked the original dataset.",REAL
"County health inspectors closed the restaurant for one day after documenting refrigeration violations.",REAL
"The mayor signed the housing bill after the city council passed it by a recorded vote.",REAL
"An energy company restored power to the neighborhood after crews replaced a damaged transformer.",REAL
"The finance department published the annual tax collection report with downloadable spreadsheets.",REAL
"Breaking secret cure discovered that doctors are hiding because it makes every medicine company bankrupt overnight.",FAKE
"A viral post claims the moon will disappear for three weeks because government lasers changed its orbit.",FAKE
"Anonymous insiders say drinking boiled battery water can reverse aging instantly without any side effects.",FAKE
"Unverified website reports that all bank accounts will be deleted tomorrow unless people share a special code.",FAKE
"A celebrity supposedly bought an entire country, but the article has no records, sources, or official statement.",FAKE
"The headline claims voters can cast ballots by commenting on a social media post with a colored emoji.",FAKE
"Rumors say a hidden machine under the city controls the weather and charges residents through street lights.",FAKE
"A fake alert claims schools are permanently closed nationwide, but it cites no ministry notice or district memo.",FAKE
"The story says a smartphone app can detect every disease by scanning a shadow on the wall.",FAKE
"A blog claims the national currency expires at midnight and only gift cards will be accepted after sunrise.",FAKE
"Unverified audio says the airport banned luggage because airplanes now fly using passenger thoughts.",FAKE
"A misleading post says a single fruit seed can replace all vaccines and cure every infection in minutes.",FAKE
"The article claims a famous actor was elected president of Mars by an invisible international committee.",FAKE
"A chain message warns that turning on room lights after 9 PM will trigger a secret government fine.",FAKE
"The site says a new law requires every citizen to mail their passwords to an unknown office.",FAKE
"A viral rumor claims the ocean was drained last night and refilled before morning by private contractors.",FAKE
"An article says scientists proved gravity was canceled for people who buy a special bracelet.",FAKE
"The post claims the national exam answers are hidden inside a fast food menu, with no official source.",FAKE
"A fake report says hospitals will reject patients who do not bring three blue pens to registration.",FAKE
"A rumor claims the internet will close forever this weekend unless users forward a message to ten friends.",FAKE
